{"name":"3f1dec8e-2989-4031-9d23-58260d2f6dc5","id":"/providers/Microsoft.Flow/flows/3f1dec8e-2989-4031-9d23-58260d2f6dc5","type":"Microsoft.Flow/flows","properties":{"apiId":"/providers/Microsoft.PowerApps/apis/shared_logicflows","displayName":"Every day reminder","definition":{"metadata":{"workflowEntityId":null,"processAdvisorMetadata":null,"flowChargedByPaygo":null,"flowclientsuspensionreason":"None","flowclientsuspensiontime":null,"flowclientsuspensionreasondetails":null,"creator":{"id":"04331fe6-f2e8-4de5-bcbb-3eb32e01fa47","type":"User","tenantId":"b6f16051-d990-480e-aa66-f95b1033a52b"},"provisioningMethod":"FromDefinition","failureAlertSubscription":true,"clientLastModifiedTime":"2023-08-30T09:07:55.4251798Z"},"$schema":"https://schema.management.azure.com/providers/Microsoft.Logic/schemas/2016-06-01/workflowdefinition.json#","contentVersion":"1.0.0.0","parameters":{"$connections":{"defaultValue":{},"type":"Object"},"$authentication":{"defaultValue":{},"type":"SecureObject"}},"triggers":{"Récurrence":{"recurrence":{"frequency":"Week","interval":1,"timeZone":"Romance Standard Time","schedule":{"weekDays":["Monday","Tuesday","Wednesday","Thursday","Friday"],"hours":["17"],"minutes":[0]}},"metadata":{"operationMetadataId":"c7348bf7-a239-4fc9-8631-1c4ace097abb"},"type":"Recurrence"}},"actions":{"Get_file_content":{"runAfter":{"Initialiser_la_variable":["Succeeded"]},"metadata":{"b!vmoW9q6010OxVi9NrqAxgyITeFyu66VNseoDppO1AIPvgylXjoUVRaFEJaDec6ZL.0124TEDLHULCOISVOEOFAIWEQDQ42Q2SV2":"/everyday.txt","operationMetadataId":"e2b17a81-fa35-46b1-a254-966619daee90","b!PUjKBDXnK0GyltGJXK0HrzkKwmDY7jFHsSCJv3ZlapbGN9zEaOdUR6czQHRgiUHP.01HH274E7PFEOBIZWINVFZ4CMODOSDUHR6":"/everyday.txt"},"type":"OpenApiConnection","inputs":{"host":{"apiId":"/providers/Microsoft.PowerApps/apis/shared_onedriveforbusiness","connectionName":"shared_onedriveforbusiness","operationId":"GetFileContent"},"parameters":{"id":"b!PUjKBDXnK0GyltGJXK0HrzkKwmDY7jFHsSCJv3ZlapbGN9zEaOdUR6czQHRgiUHP.01HH274E7PFEOBIZWINVFZ4CMODOSDUHR6","inferContentType":true},"authentication":"@parameters('$authentication')"}},"doy":{"runAfter":{},"metadata":{"operationMetadataId":"14dc36cf-066b-4c37-85e4-b5c234b44953"},"type":"Compose","inputs":"@dayOfYear(utcNow())"},"dayOfWeek":{"runAfter":{"doy":["Succeeded"]},"metadata":{"operationMetadataId":"91515289-9235-477e-b659-574f32e514fd"},"type":"Compose","inputs":"@sub(dayOfWeek(utcNow()),1)"},"year":{"runAfter":{"dayOfWeek":["Succeeded"]},"metadata":{"operationMetadataId":"10007857-9841-4d52-98e7-05ad94922b67"},"type":"Compose","inputs":"@formatDateTime(utcNow(), 'yyyy')"},"weekOfYear":{"runAfter":{"year":["Succeeded"]},"metadata":{"operationMetadataId":"28f4c386-ad1b-44f9-976c-000f52cfdb77"},"type":"Compose","inputs":"@div(sub(add(10,dayOfYear(utcNow())), int(outputs('dayOfWeek'))),7)"},"Initialiser_la_variable":{"runAfter":{"weekOfYear":["Succeeded"]},"metadata":{"operationMetadataId":"42d7665f-ead4-4415-aa56-f71743498925"},"type":"InitializeVariable","inputs":{"variables":[{"name":"emails","type":"array","value":[]}]}},"Apply_to_each":{"foreach":"@variables('emails')","actions":{"Post_message_in_a_chat_or_channel":{"runAfter":{},"metadata":{"operationMetadataId":"9b79dd92-3850-433f-bb3e-6489b5432215"},"type":"OpenApiConnection","inputs":{"host":{"apiId":"/providers/Microsoft.PowerApps/apis/shared_teams","connectionName":"shared_teams","operationId":"PostMessageToConversation"},"parameters":{"poster":"Flow bot","location":"Chat with Flow bot","body/recipient":"@{items('Apply_to_each')};","body/messageBody":"<p>Please enter your hours for the <br>\n<a href=\"https://project-kpi.verventaudio.com/app/declare/@{outputs('weekOfYear')}/@{outputs('year')}/@{outputs('dayOfWeek')}?method=daily\">@{formatDateTime(utcNow(), 'D')}</a><br></p>\n<span style=\"display: none\">"},"authentication":"@parameters('$authentication')"}}},"runAfter":{"Définir_une_variable_2":["Succeeded"]},"metadata":{"operationMetadataId":"e8f2e04b-0038-4016-8323-f60a492fd6dc"},"type":"Foreach"},"Définir_une_variable_2":{"runAfter":{"Get_file_content":["Succeeded"]},"metadata":{"operationMetadataId":"06ac8659-5e60-4805-9583-d2821b67094a"},"type":"SetVariable","inputs":{"name":"emails","value":"@array(split(outputs('Get_file_content')?['body'],','))"}}},"outputs":{}},"connectionReferences":{"shared_onedriveforbusiness":{"connectionName":"376731cc56a2458790d84643822ae385","source":"Embedded","id":"/providers/Microsoft.PowerApps/apis/shared_onedriveforbusiness","tier":"NotSpecified"},"shared_teams":{"connectionName":"bace25b978e744b38dd23d4cbf90d69f","source":"Embedded","id":"/providers/Microsoft.PowerApps/apis/shared_teams","tier":"NotSpecified"}},"flowFailureAlertSubscribed":false,"isManaged":false}}