{"name":"48f515ec-817c-45bc-bb9e-02b43ff02095","id":"/providers/Microsoft.Flow/flows/48f515ec-817c-45bc-bb9e-02b43ff02095","type":"Microsoft.Flow/flows","properties":{"apiId":"/providers/Microsoft.PowerApps/apis/shared_logicflows","displayName":"Every week reminder","definition":{"metadata":{"workflowEntityId":null,"processAdvisorMetadata":null,"flowChargedByPaygo":null,"flowclientsuspensionreason":"None","flowclientsuspensiontime":null,"flowclientsuspensionreasondetails":null,"creator":{"id":"04331fe6-f2e8-4de5-bcbb-3eb32e01fa47","type":"User","tenantId":"b6f16051-d990-480e-aa66-f95b1033a52b"},"provisioningMethod":"FromDefinition","failureAlertSubscription":true,"clientLastModifiedTime":"2023-08-30T09:29:58.9394857Z"},"$schema":"https://schema.management.azure.com/providers/Microsoft.Logic/schemas/2016-06-01/workflowdefinition.json#","contentVersion":"1.0.0.0","parameters":{"$connections":{"defaultValue":{},"type":"Object"},"$authentication":{"defaultValue":{},"type":"SecureObject"}},"triggers":{"Récurrence":{"recurrence":{"frequency":"Week","interval":1,"timeZone":"Romance Standard Time","schedule":{"weekDays":["Friday"],"hours":["16"],"minutes":[30]}},"metadata":{"operationMetadataId":"c7348bf7-a239-4fc9-8631-1c4ace097abb"},"type":"Recurrence"}},"actions":{"doy":{"runAfter":{},"metadata":{"operationMetadataId":"14dc36cf-066b-4c37-85e4-b5c234b44953"},"type":"Compose","inputs":"@dayOfYear(utcNow())"},"dayOfWeek":{"runAfter":{"doy":["Succeeded"]},"metadata":{"operationMetadataId":"91515289-9235-477e-b659-574f32e514fd"},"type":"Compose","inputs":"@sub(dayOfWeek(utcNow()),1)"},"year":{"runAfter":{"dayOfWeek":["Succeeded"]},"metadata":{"operationMetadataId":"10007857-9841-4d52-98e7-05ad94922b67"},"type":"Compose","inputs":"@formatDateTime(utcNow(), 'yyyy')"},"weekOfYear":{"runAfter":{"year":["Succeeded"]},"metadata":{"operationMetadataId":"28f4c386-ad1b-44f9-976c-000f52cfdb77"},"type":"Compose","inputs":"@div(sub(add(10,dayOfYear(utcNow())), int(outputs('dayOfWeek'))),7)"},"Initialiser_la_variable":{"runAfter":{"weekOfYear":["Succeeded"]},"metadata":{"operationMetadataId":"42d7665f-ead4-4415-aa56-f71743498925"},"type":"InitializeVariable","inputs":{"variables":[{"name":"emails","type":"array","value":[]}]}},"Apply_to_each":{"foreach":"@variables('emails')","actions":{"Post_message_in_a_chat_or_channel":{"runAfter":{},"metadata":{"operationMetadataId":"9b79dd92-3850-433f-bb3e-6489b5432215"},"type":"OpenApiConnection","inputs":{"host":{"apiId":"/providers/Microsoft.PowerApps/apis/shared_teams","connectionName":"shared_teams","operationId":"PostMessageToConversation"},"parameters":{"poster":"Flow bot","location":"Chat with Flow bot","body/recipient":"@{items('Apply_to_each')};","body/messageBody":"<p>Please enter your hours for the week <br>\n<a href=\"https://project-kpi.verventaudio.com/app/declare/@{outputs('weekOfYear')}/@{outputs('year')}?method=weekly\">@{outputs('weekOfYear')}</a><br></p>\n<span style=\"display: none\">"},"authentication":"@parameters('$authentication')"}}},"runAfter":{"Définir_une_variable_2":["Succeeded"]},"metadata":{"operationMetadataId":"e8f2e04b-0038-4016-8323-f60a492fd6dc"},"type":"Foreach"},"Définir_une_variable_2":{"runAfter":{"Obtenir_le_contenu_du_fichier":["Succeeded"]},"metadata":{"operationMetadataId":"06ac8659-5e60-4805-9583-d2821b67094a"},"type":"SetVariable","inputs":{"name":"emails","value":"@array(split(outputs('Obtenir_le_contenu_du_fichier')?['body'],','))"}},"Obtenir_le_contenu_du_fichier":{"runAfter":{"Initialiser_la_variable":["Succeeded"]},"metadata":{"b!PUjKBDXnK0GyltGJXK0HrzkKwmDY7jFHsSCJv3ZlapbGN9zEaOdUR6czQHRgiUHP.01HH274E6FEK3IQSBYIVDIIJO77NSGKWR3":"/everyweek.txt","operationMetadataId":"c4bf340e-f70b-4eba-a9ce-fad61562ad44"},"type":"OpenApiConnection","inputs":{"host":{"apiId":"/providers/Microsoft.PowerApps/apis/shared_onedriveforbusiness","connectionName":"shared_onedriveforbusiness","operationId":"GetFileContent"},"parameters":{"id":"b!PUjKBDXnK0GyltGJXK0HrzkKwmDY7jFHsSCJv3ZlapbGN9zEaOdUR6czQHRgiUHP.01HH274E6FEK3IQSBYIVDIIJO77NSGKWR3","inferContentType":true},"authentication":"@parameters('$authentication')"}}},"outputs":{}},"connectionReferences":{"shared_teams":{"connectionName":"bace25b978e744b38dd23d4cbf90d69f","source":"Embedded","id":"/providers/Microsoft.PowerApps/apis/shared_teams","tier":"NotSpecified"},"shared_onedriveforbusiness":{"connectionName":"376731cc56a2458790d84643822ae385","source":"Embedded","id":"/providers/Microsoft.PowerApps/apis/shared_onedriveforbusiness","tier":"NotSpecified"}},"flowFailureAlertSubscribed":false,"isManaged":false}}